product_id,avg_sentiment,total_reviews,pos_count,neg_count,percent_positive,percent_negative
B002PD61Y4,0.4335375,16,12,4,75.0,25.0
B002SZEOLG,0.4085375,8,5,0,62.5,0.0
B003B00484,0.6688625,8,8,0,100.0,0.0
B003L62T7W,0.5862375,8,7,0,87.5,0.0
B004IO5BMQ,0.4323125,8,6,0,75.0,0.0
B005FYNT3G,0.656525,8,8,0,100.0,0.0
B005LJQMCK,0.607075,8,7,0,87.5,0.0
B005LJQMZC,0.607075,8,7,0,87.5,0.0
B006LW0WDQ,0.620775,8,8,0,100.0,0.0
B0073QGKAS,0.5533375,8,7,1,87.5,12.5
B0083T231O,0.4865625,8,7,1,87.5,12.5
B0085IATT6,0.10613750000000002,8,4,3,50.0,37.5
B0085W2MUQ,0.6291625,8,8,0,100.0,0.0
B0088TKTY2,0.4085375,8,5,0,62.5,0.0
B008FWZGSG,0.44895,16,14,2,87.5,12.5
B008IFXQFU,0.4085375,8,5,0,62.5,0.0
B008LN8KDM,0.5040250000000001,8,6,0,75.0,0.0
B008P7IF02,0.10663750000000001,8,5,2,62.5,25.0
B008QS9J6Y,0.5608875,8,7,0,87.5,0.0
B008QTK47Q,0.014200000000000004,8,2,4,25.0,50.0
B008YW3CYM,0.4766625,8,6,0,75.0,0.0
B008YW8M0G,0.4621375,8,7,0,87.5,0.0
B00935MD1C,0.3981142857142857,7,5,1,71.42857142857143,14.285714285714285
B00935MGHS,0.15339999999999998,8,5,3,62.5,37.5
B009DA69W6,0.40914285714285714,7,5,0,71.42857142857143,0.0
B009LJ2BXA,0.1204625,8,4,3,50.0,37.5
B009P2L7CO,0.4061625,8,5,1,62.5,12.5
B009P2LIL4,0.28665,8,5,1,62.5,12.5
B009P2LITG,0.5578875,8,8,0,100.0,0.0
B009P2LK08,0.250025,8,5,1,62.5,12.5
B009P2LK80,0.227825,8,5,1,62.5,12.5
B009UORDX4,0.6872125,8,8,0,100.0,0.0
B009VCGPSY,0.599125,8,8,0,100.0,0.0
B00A0VCJPI,0.2996125,8,6,2,75.0,25.0
B00A328ENA,0.6512249999999999,8,8,0,100.0,0.0
B00A7PLVU6,0.5629375,8,7,1,87.5,12.5
B00ABMASXG,0.3869875,8,6,1,75.0,12.5
B00AXHBBXU,0.63505,8,8,0,100.0,0.0
B00B3VFJY2,0.580675,8,8,0,100.0,0.0
B00B7GKXMG,0.7125,8,8,0,100.0,0.0
B00BN5SNF0,0.1818625,8,4,2,50.0,25.0
B00C3GBCIS,0.455875,8,7,1,87.5,12.5
B00CEQEGPI,0.2018375,8,6,2,75.0,25.0
B00DJ5N9VK,0.45592499999999997,8,6,1,75.0,12.5
B00E3DVQFS,0.295525,8,6,1,75.0,12.5
B00E9G8KOY,0.115625,8,4,3,50.0,37.5
B00EDJJ7FS,0.4200625,8,7,1,87.5,12.5
B00EYW1U68,0.2576375,8,6,2,75.0,25.0
B00F159RIK,0.42095,8,6,2,75.0,25.0
B00GE55L22,0.35536249999999997,8,6,0,75.0,0.0
B00GG59HU2,0.5497375,8,6,0,75.0,0.0
B00GGGOYEK,0.417825,8,5,0,62.5,0.0
B00GGGOYEU,0.1739125,8,4,4,50.0,50.0
B00GHL8VP2,0.759325,8,8,0,100.0,0.0
B00GZLB57U,0.559375,8,7,0,87.5,0.0
B00H0B29DI,0.2381625,8,5,2,62.5,25.0
B00H3H03Q4,0.6095125,8,7,0,87.5,0.0
B00H47GVGY,0.6441285714285715,7,7,0,100.0,0.0
B00HVXS7WC,0.3451,8,5,2,62.5,25.0
B00HZIOGXW,0.41695,8,7,0,87.5,0.0
B00J4YG0PC,0.6705375,8,7,1,87.5,12.5
B00J5DYCCA,0.31532857142857146,7,5,1,71.42857142857143,14.285714285714285
B00JBNZPFM,0.4369125,8,6,2,75.0,25.0
B00K32PEW4,0.549025,8,7,0,87.5,0.0
B00K57MR22,0.4462125,8,5,1,62.5,12.5
B00KIDSU8S,0.16724999999999998,6,4,2,66.66666666666666,33.33333333333333
B00KIE28X0,0.5290125,8,6,0,75.0,0.0
B00KRCBA6E,0.012775000000000009,8,2,3,25.0,37.5
B00KXULGJQ,0.6495124999999999,8,8,0,100.0,0.0
B00LHZW3XY,0.47245000000000004,8,6,1,75.0,12.5
B00LHZWD0C,0.4233,8,6,1,75.0,12.5
B00LM4W1N2,0.808325,8,8,0,100.0,0.0
B00LM4X0KU,0.36875,8,6,2,75.0,25.0
B00LM4X3XE,0.5654,8,7,0,87.5,0.0
B00LOD70SC,0.7385,8,8,0,100.0,0.0
B00LP9RFSU,0.07827500000000001,8,3,1,37.5,12.5
B00LUGTJGO,0.3710875,8,6,0,75.0,0.0
B00LVMTA2A,0.4418875,8,7,0,87.5,0.0
B00LXTFMRS,0.548075,8,7,0,87.5,0.0
B00LY12TH6,0.6169125,8,7,0,87.5,0.0
B00LY17RHI,0.28155,8,5,1,62.5,12.5
B00LY1FN1K,0.72965,8,8,0,100.0,0.0
B00LZLPYHW,0.5444375,8,7,0,87.5,0.0
B00LZLQ624,0.52935,8,7,0,87.5,0.0
B00LZPQVMK,0.2809875,8,6,2,75.0,25.0
B00MFPCY5C,0.2767,8,5,2,62.5,25.0
B00MUTWLW4,0.478525,8,6,1,75.0,12.5
B00N1U7JXM,0.3922142857142857,7,6,0,85.71428571428571,0.0
B00N1U9AJS,0.6669375,8,8,0,100.0,0.0
B00N3XLDW0,-0.07078749999999998,8,3,4,37.5,50.0
B00NFD0ETQ,0.3997375,8,6,1,75.0,12.5
B00NH11KIK,0.403125,16,14,0,87.5,0.0
B00NH11PEY,0.427175,16,14,0,87.5,0.0
B00NH12R1O,0.6042625,8,8,0,100.0,0.0
B00NH13Q8W,0.427175,8,7,0,87.5,0.0
B00NM6MO26,0.3685625,8,6,2,75.0,25.0
B00NNQMYNE,0.7071125,8,8,0,100.0,0.0
B00NW4UWN6,0.2106,8,6,2,75.0,25.0
B00O24PUO6,0.1514,8,4,3,50.0,37.5
B00O2R38C4,0.515625,8,7,1,87.5,12.5
B00OFM6PEO,0.5548875,8,8,0,100.0,0.0
B00P0R95EA,0.688975,8,8,0,100.0,0.0
B00P93X0VO,0.6457875,8,7,1,87.5,12.5
B00P93X2H6,0.38175714285714285,7,6,0,85.71428571428571,0.0
B00P93X6EK,0.556075,8,8,0,100.0,0.0
B00PVT30YI,0.285375,8,4,1,50.0,12.5
B00R1P3B4O,0.4387875,8,5,2,62.5,25.0
B00RFWNJMC,0.2608625,8,5,1,62.5,12.5
B00RGLI0ZS,0.4223875,8,5,1,62.5,12.5
B00S2SEV7K,0.4494625,8,6,1,75.0,12.5
B00S9BSJC8,0.7015875,8,8,0,100.0,0.0
B00SH18114,0.537575,8,7,0,87.5,0.0
B00SMFPJG0,0.4371,8,6,0,75.0,0.0
B00SMJPA9C,0.1453,8,3,2,37.5,25.0
B00TDD0YM4,0.3594,8,5,1,62.5,12.5
B00TI8E7BI,0.593575,8,7,0,87.5,0.0
B00UGZWM2I,0.45914285714285713,7,4,0,57.14285714285714,0.0
B00URH5E34,0.29457500000000003,8,6,1,75.0,12.5
B00V4BGDKU,0.2464125,8,5,2,62.5,25.0
B00V9NHDI4,0.626725,8,7,1,87.5,12.5
B00VA7YYUO,0.63625,8,7,0,87.5,0.0
B00W56GLOQ,0.536375,8,7,0,87.5,0.0
B00Y4ORQ46,0.3978125,8,6,2,75.0,25.0
B00YMJ0OI8,0.4590375,8,8,0,100.0,0.0
B00YQLG7GK,0.5702375,8,7,0,87.5,0.0
B00ZRBWPA0,0.5647875,8,7,0,87.5,0.0
B00ZYLMQH0,0.507275,8,7,0,87.5,0.0
B0116MIKKC,0.6867875,8,8,0,100.0,0.0
B0117H7GZ6,0.02436249999999999,8,2,3,25.0,37.5
B0123P3PWE,0.7060375,8,8,0,100.0,0.0
B012ELCYUG,0.6184125,8,8,0,100.0,0.0
B012MQS060,0.3615875,8,7,1,87.5,12.5
B013B2WGT6,0.46686249999999996,8,7,1,87.5,12.5
B0141EZMAI,0.37317500000000003,16,14,0,87.5,0.0
B01486F4G6,0.7212625,8,8,0,100.0,0.0
B0148NPH9I,0.5069,8,7,0,87.5,0.0
B014HDJ7ZE,0.06433750000000002,8,5,2,62.5,25.0
B014I8SSD0,0.6211375,8,8,0,100.0,0.0
B014I8SX4Y,0.6211375,8,8,0,100.0,0.0
B014SZO90Y,0.5937375,8,7,0,87.5,0.0
B014SZPBM4,0.4663875,8,6,1,75.0,12.5
B015GX9Y0W,0.4811875,8,7,1,87.5,12.5
B015OW3M1W,0.674775,8,8,0,100.0,0.0
B015ZXUDD0,0.4492625,8,7,0,87.5,0.0
B0162K34H2,0.4849875,8,6,1,75.0,12.5
B0162LYSFS,0.31505,8,5,2,62.5,25.0
B016MDK4F4,0.6244571428571428,7,7,0,100.0,0.0
B016XVRKZM,0.250375,8,4,1,50.0,12.5
B017NC2IPM,0.3563,8,6,1,75.0,12.5
B017PDR9N0,0.5736625,8,7,0,87.5,0.0
B0187F2IOK,0.6351249999999999,8,8,0,100.0,0.0
B0188KPKB2,0.6701874999999999,8,8,0,100.0,0.0
B01892MIPA,0.4251375,8,6,2,75.0,25.0
B018SJJ0GE,0.67905,8,8,0,100.0,0.0
B01C8P29N0,0.23223750000000004,8,5,2,62.5,25.0
B01C8P29T4,0.46045,8,7,1,87.5,12.5
B01CS4A5V4,0.244925,8,4,2,50.0,25.0
B01D5H8LDM,0.6373625,8,8,0,100.0,0.0
B01D5H8ZI8,0.4145625,8,7,0,87.5,0.0
B01D5H90L4,0.5018125,8,6,1,75.0,12.5
B01DEWVZ2C,0.317625,16,8,4,50.0,25.0
B01DF26V7A,0.317625,8,4,2,50.0,25.0
B01DGVKBC6,0.5219875,8,7,1,87.5,12.5
B01DJJVFPC,0.4951,8,7,1,87.5,12.5
B01EJ5MM5M,0.19582500000000003,8,5,2,62.5,25.0
B01EY310UM,0.525125,8,7,1,87.5,12.5
B01EZ0X3L8,0.493025,8,6,0,75.0,0.0
B01F25X6RQ,0.6249375,8,7,0,87.5,0.0
B01F262EUU,0.6249375,8,7,0,87.5,0.0
B01F7B2JCI,0.648325,8,8,0,100.0,0.0
B01FSYQ2A4,0.21838749999999998,16,10,4,62.5,25.0
B01GFTEV5Y,0.30996250000000003,8,6,0,75.0,0.0
B01GGKYKQM,0.6059375,24,24,0,100.0,0.0
B01GGKZ0V6,0.43785,16,10,0,62.5,0.0
B01GGKZ4NU,0.43784999999999996,8,5,0,62.5,0.0
B01GZSQJPA,0.389425,8,6,2,75.0,25.0
B01HGCLUH6,0.4502125,8,6,0,75.0,0.0
B01HJI0FS2,0.6066625,8,7,0,87.5,0.0
B01I1LDZGA,0.6356125,8,8,0,100.0,0.0
B01IBRHE3E,0.4192375,8,7,1,87.5,12.5
B01IOZUHRS,0.4955375,8,7,1,87.5,12.5
B01J0XWYKQ,0.34109999999999996,8,5,1,62.5,12.5
B01J1CFO5I,0.5101,8,8,0,100.0,0.0
B01J8S6X2I,0.4870375,8,7,0,87.5,0.0
B01JOFKL0A,0.3835125,8,7,1,87.5,12.5
B01KCSGBU2,0.5783875,8,7,0,87.5,0.0
B01KK0HU3Y,0.321625,8,5,2,62.5,25.0
B01L6MT7E0,0.362775,8,6,2,75.0,25.0
B01L7C4IU2,0.6622625,8,8,0,100.0,0.0
B01L8ZNWN2,0.097975,8,4,2,50.0,25.0
B01LONQBDG,0.4869375,8,7,1,87.5,12.5
B01LWYDEQ7,0.4263625,8,7,1,87.5,12.5
B01LY9W8AF,0.46305,8,7,1,87.5,12.5
B01LYLJ99X,0.5072,8,7,1,87.5,12.5
B01LYU3BZF,0.5489,8,7,0,87.5,0.0
B01M0505SJ,0.5286125,8,6,1,75.0,12.5
B01M265AAK,0.3253625,8,7,1,87.5,12.5
B01M4GGIVU,0.26006250000000003,16,12,4,75.0,25.0
B01M5967SY,0.26006250000000003,8,6,2,75.0,25.0
B01M5B0TPW,0.707925,8,8,0,100.0,0.0
B01M5F614J,0.34550000000000003,8,5,3,62.5,37.5
B01M6453MB,0.47867499999999996,8,7,1,87.5,12.5
B01M69WCZ6,0.551825,8,7,1,87.5,12.5
B01M72LILF,0.4971375,8,8,0,100.0,0.0
B01MF8MB65,0.4635,8,7,1,87.5,12.5
B01MQ2A86A,0.5873875,8,7,1,87.5,12.5
B01MQZ7J8K,0.4961875,8,6,1,75.0,12.5
B01MRARGBW,0.742625,8,8,0,100.0,0.0
B01MUAUOCX,0.480175,8,6,0,75.0,0.0
B01MY839VW,0.512875,8,6,0,75.0,0.0
B01N1XVVLC,0.4475,8,6,0,75.0,0.0
B01N4EV2TL,0.2309875,8,4,3,50.0,37.5
B01N6IJG0F,0.373325,8,5,1,62.5,12.5
B01N6LU1VF,0.007925000000000003,8,3,3,37.5,37.5
B01N90RZ4M,0.019050000000000004,8,3,2,37.5,25.0
B01NBX5RSB,0.4122875,8,6,0,75.0,0.0
B01NCVJMKX,0.30531250000000004,8,6,2,75.0,25.0
B06XDKWLJH,0.5147375000000001,8,6,1,75.0,12.5
B06XFTHCNY,0.7676375,8,8,0,100.0,0.0
B06XGWRKYT,0.3315875,8,7,1,87.5,12.5
B06XMZV7RH,0.1613,8,5,3,62.5,37.5
B06XPYRWV5,0.49677499999999997,8,7,1,87.5,12.5
B06XR9PR5X,0.5994,8,7,1,87.5,12.5
B06XSK3XL6,0.4585375,8,7,0,87.5,0.0
B06Y36JKC3,0.3870375,8,6,2,75.0,25.0
B071113J7M,0.415375,8,5,2,62.5,25.0
B0711PVX6Z,0.6951875,8,8,0,100.0,0.0
B0718ZN31Q,0.19875,8,5,2,62.5,25.0
B071R3LHFM,0.01865,8,3,3,37.5,37.5
B071SDRGWL,0.712625,8,8,0,100.0,0.0
B071VMP1Z4,0.368,8,6,2,75.0,25.0
B071VNHMX2,0.6161875,8,8,0,100.0,0.0
B071Z8M4KX,0.5680625,8,7,0,87.5,0.0
B07222HQKP,0.5230125,8,7,1,87.5,12.5
B07232M876,0.6951875,16,16,0,100.0,0.0
B072J83V9W,0.4954625,8,7,0,87.5,0.0
B072NCN9M4,0.6053625,8,8,0,100.0,0.0
B073BRXPZX,0.4310875,8,6,0,75.0,0.0
B0746JGVDS,0.568675,8,8,0,100.0,0.0
B0746N6WML,0.7481875,8,8,0,100.0,0.0
B0747VDH9L,0.5150250000000001,8,6,0,75.0,0.0
B074CWD7MS,0.47700000000000004,8,6,0,75.0,0.0
B0752LL57V,0.6406625,8,8,0,100.0,0.0
B0756CLQWL,0.42655,8,7,1,87.5,12.5
B0756K5DYZ,0.277625,8,5,2,62.5,25.0
B0756KCV5K,0.5292125,8,7,1,87.5,12.5
B0758F7KK7,0.4833625,8,7,1,87.5,12.5
B0759QMF85,0.482325,8,6,1,75.0,12.5
B075DB1F13,0.5358875000000001,8,8,0,100.0,0.0
B075JJ5NQC,0.5352142857142858,7,6,1,85.71428571428571,14.285714285714285
B075K76YW1,0.35515,8,6,1,75.0,12.5
B075S9FVRY,0.6695125,8,7,1,87.5,12.5
B075TJHWVC,0.1937375,8,5,3,62.5,37.5
B075ZTJ9XR,0.5837375,8,7,0,87.5,0.0
B0762HXMTF,0.525875,8,7,0,87.5,0.0
B0763K5HLQ,0.6237625,8,8,0,100.0,0.0
B0765B3TH7,0.5968375,8,7,1,87.5,12.5
B076B8G5D8,0.1948375,8,6,2,75.0,25.0
B076VQS87V,0.619075,8,8,0,100.0,0.0
B077BTLQ67,0.320025,8,5,2,62.5,25.0
B077T3BG5L,0.6166625,8,8,0,100.0,0.0
B077Z65HSD,0.7126250000000001,24,24,0,100.0,0.0
B0789LZTCJ,0.65655,16,16,0,100.0,0.0
B078G6ZF5Z,0.5913375,16,16,0,100.0,0.0
B078HG2ZPS,0.65615,8,8,0,100.0,0.0
B078HRR1XV,0.5049,8,7,1,87.5,12.5
B078JBK4GX,0.68085,8,8,0,100.0,0.0
B078JDNZJ8,0.630725,8,8,0,100.0,0.0
B078JF6X9B,0.5823625,8,6,0,75.0,0.0
B078JT7LTD,0.608875,8,8,0,100.0,0.0
B078KRFWQB,0.41266250000000004,8,6,1,75.0,12.5
B078V8R9BS,0.5790625,8,8,0,100.0,0.0
B078W65FJ7,0.4917125,8,7,1,87.5,12.5
B078WB1VWJ,0.5355125000000001,8,7,1,87.5,12.5
B078XFKBZL,0.17715,8,3,0,37.5,0.0
B07924P3C5,0.370925,8,6,0,75.0,0.0
B07966M8XH,0.5267999999999999,8,6,0,75.0,0.0
B07989VV5K,0.1524,8,4,3,50.0,37.5
B0798PJPCL,0.74205,8,7,1,87.5,12.5
B079S811J3,0.17503749999999998,8,6,1,75.0,12.5
B079Y6JZC8,0.59855,8,8,0,100.0,0.0
B07B275VN9,0.32871249999999996,8,6,2,75.0,25.0
B07B5XJ572,0.6333125000000001,8,8,0,100.0,0.0
B07B88KQZ8,0.5084875,8,6,1,75.0,12.5
B07BKSSDR2,0.278775,4,3,0,75.0,0.0
B07BRKK9JQ,0.1534375,8,4,3,50.0,37.5
B07CD2BN46,0.5994125,8,8,0,100.0,0.0
B07CRL2GY6,0.65655,8,8,0,100.0,0.0
B07CVR2L5K,0.6465,8,8,0,100.0,0.0
B07CWDX49D,0.4717875,8,7,0,87.5,0.0
B07CWNJLPC,0.4717875,8,7,0,87.5,0.0
B07D2NMTTV,0.5947,8,8,0,100.0,0.0
B07D8VBYB4,0.5543,8,7,1,87.5,12.5
B07DC4RZPY,0.384325,8,6,1,75.0,12.5
B07DFYJRQV,0.3844375,8,6,1,75.0,12.5
B07DGD4Z4C,0.636475,8,7,1,87.5,12.5
B07DJ5KYDZ,0.5085375,8,7,1,87.5,12.5
B07DJLFMPS,0.508825,16,14,2,87.5,12.5
B07DKZCZ89,0.5824875,8,6,1,75.0,12.5
B07DL1KC3H,0.4146375,8,6,1,75.0,12.5
B07DWFX9YS,0.38735,8,5,2,62.5,25.0
B07DXRGWDJ,0.36635,8,6,1,75.0,12.5
B07DZ986Q2,0.2360375,8,4,2,50.0,25.0
B07F1P8KNV,0.36719999999999997,8,6,0,75.0,0.0
B07F1T31ZZ,0.42579999999999996,8,6,1,75.0,12.5
B07F366Z51,0.3450375,8,6,1,75.0,12.5
B07F6GXNPB,0.4832,8,7,0,87.5,0.0
B07FJNNZCJ,0.6400125,8,7,0,87.5,0.0
B07FL3WRX5,0.556075,8,7,0,87.5,0.0
B07FXLC2G2,0.4439375,8,6,0,75.0,0.0
B07G147SZD,0.3319875,8,5,1,62.5,12.5
B07G3YNLJB,0.539775,8,8,0,100.0,0.0
B07GLNJC25,0.35973750000000004,8,7,0,87.5,0.0
B07GLS2563,0.3893375,8,6,1,75.0,12.5
B07GLSKXS1,0.3634,8,5,1,62.5,12.5
B07GMFY9QM,0.54545,8,7,0,87.5,0.0
B07GNC2592,0.1267625,8,6,2,75.0,25.0
B07GPXXNNG,0.5680625,8,7,0,87.5,0.0
B07GQD4K6L,0.5680625,8,7,0,87.5,0.0
B07GVGTSLN,0.36719999999999997,16,12,0,75.0,0.0
B07GVR9TG7,0.273625,8,6,1,75.0,12.5
B07GWTWFS2,0.3782625,8,7,1,87.5,12.5
B07GXHC691,0.49487499999999995,8,7,1,87.5,12.5
B07GXPDLYQ,0.10031250000000001,8,4,4,50.0,50.0
B07H1S7XW8,0.5084875,8,6,1,75.0,12.5
B07H3N8RJH,0.6411,8,7,0,87.5,0.0
B07H3WDC4X,0.6966625,8,8,0,100.0,0.0
B07H5PBN54,0.06517500000000002,8,4,3,50.0,37.5
B07H8W9PB6,0.5939625,8,7,0,87.5,0.0
B07HK53XM4,-0.2390125,8,1,5,12.5,62.5
B07HZ2QCGR,0.017424999999999996,8,4,3,50.0,37.5
B07J2BQZD6,0.300475,8,6,2,75.0,25.0
B07J2NGB69,0.503175,8,7,1,87.5,12.5
B07J9KXQCC,0.44995,8,7,1,87.5,12.5
B07JB2Y4SR,0.1689875,8,5,2,62.5,25.0
B07JF9B592,0.4698125,8,6,1,75.0,12.5
B07JGCGNDG,0.606375,8,7,0,87.5,0.0
B07JGDB5M1,0.4896125,8,7,0,87.5,0.0
B07JH1C41D,0.4896125,8,7,0,87.5,0.0
B07JH1CBGW,0.4896125,8,7,0,87.5,0.0
B07JJFSG2B,0.5217875,8,7,0,87.5,0.0
B07JNVF678,0.6190875,8,8,0,100.0,0.0
B07JPJJZ2H,0.6190875,8,8,0,100.0,0.0
B07JPX9CR7,0.494775,8,6,2,75.0,25.0
B07JQKQ91F,0.446025,8,6,1,75.0,12.5
B07JW1Y6XV,0.4896125,8,7,0,87.5,0.0
B07JW9H4J1,0.4896125,24,21,0,87.5,0.0
B07JZSG42Y,0.442975,8,6,2,75.0,25.0
B07K19NYZ8,0.22825000000000004,6,4,2,66.66666666666666,33.33333333333333
B07K2HVKLL,0.5186625,8,8,0,100.0,0.0
B07KCMR8D6,0.6445625,8,8,0,100.0,0.0
B07KKJPTWB,0.5520875000000001,8,7,0,87.5,0.0
B07KNM95JK,0.48736250000000003,8,7,1,87.5,12.5
B07KR5P3YD,0.46002499999999996,8,8,0,100.0,0.0
B07KRCW6LZ,0.6873875,16,16,0,100.0,0.0
B07KSB1MLX,0.6199625,8,7,0,87.5,0.0
B07KSMBL2H,0.6211375,16,16,0,100.0,0.0
B07KY3FNQP,0.4603125,8,6,1,75.0,12.5
B07L1N3TJX,0.273675,8,4,0,50.0,0.0
B07L3NDN24,0.39697499999999997,8,6,1,75.0,12.5
B07L5L4GTB,0.5073375,8,7,0,87.5,0.0
B07L8KNP5F,0.3522,8,6,1,75.0,12.5
B07L9FW9GF,0.5828125,8,8,0,100.0,0.0
B07LDN9Q2P,0.5976625,8,8,0,100.0,0.0
B07LDPLSZC,0.56145,8,7,0,87.5,0.0
B07LFQLKFZ,0.37524285714285716,7,6,1,85.71428571428571,14.285714285714285
B07LFWP97N,0.68705,8,8,0,100.0,0.0
B07LG59NPV,0.394675,8,6,2,75.0,25.0
B07LG96SDB,-0.0399625,8,3,3,37.5,37.5
B07LGT55SJ,0.4896125,8,7,0,87.5,0.0
B07M69276N,0.67145,8,7,0,87.5,0.0
B07MDRGHWQ,0.360225,8,6,1,75.0,12.5
B07MKFNHKG,0.360225,8,6,1,75.0,12.5
B07MKMFKPG,0.1528625,8,3,2,37.5,25.0
B07MP21WJD,0.469825,8,7,0,87.5,0.0
B07MSLTW8Z,-0.10017499999999999,8,3,5,37.5,62.5
B07N2MGB3G,0.714075,8,8,0,100.0,0.0
B07N42JB4S,0.6194999999999999,8,7,0,87.5,0.0
B07N8RQ6W7,0.5216125,8,7,0,87.5,0.0
B07NC12T2R,0.338825,8,4,2,50.0,25.0
B07NCKMXVZ,0.5431625,8,7,1,87.5,12.5
B07NKNBTT3,0.252625,8,6,2,75.0,25.0
B07NPBG1B4,0.539725,8,7,1,87.5,12.5
B07NRTCDS5,0.7123166666666667,6,6,0,100.0,0.0
B07NTKGW45,0.34895000000000004,8,6,0,75.0,0.0
B07P1BR7L8,0.63595,8,7,0,87.5,0.0
B07P434WJY,0.7570250000000001,8,8,0,100.0,0.0
B07P681N66,0.3948125,16,14,2,87.5,12.5
B07PFJ5VQD,0.504025,8,7,0,87.5,0.0
B07PFJ5W31,0.504025,8,7,0,87.5,0.0
B07PLHTTB4,0.731525,8,8,0,100.0,0.0
B07PR1CL3S,0.659625,8,8,0,100.0,0.0
B07Q4NJQC5,0.5131875,8,8,0,100.0,0.0
B07Q4QV1DL,0.636225,8,8,0,100.0,0.0
B07Q7561HD,0.549575,8,8,0,100.0,0.0
B07QCWY5XV,0.4655125,8,7,0,87.5,0.0
B07QDSN9V6,0.6885749999999999,8,8,0,100.0,0.0
B07QHHCB27,0.5187625,8,7,1,87.5,12.5
B07QMRHWJD,0.634225,8,8,0,100.0,0.0
B07QZ3CZ48,0.5167625,8,7,1,87.5,12.5
B07R679HTT,0.5579375,8,7,0,87.5,0.0
B07R99NBVB,0.34195,8,5,3,62.5,37.5
B07RCGTZ4M,0.7104375,8,7,1,87.5,12.5
B07RD611Z8,0.5221,16,14,0,87.5,0.0
B07RX14W1Q,0.32887500000000003,8,5,3,62.5,37.5
B07RX42D3D,0.2815125,8,5,1,62.5,12.5
B07RY2X9MP,0.711825,8,8,0,100.0,0.0
B07RZZ1QSW,0.508325,8,7,1,87.5,12.5
B07S7DCJKS,0.497275,8,7,0,87.5,0.0
B07S851WX5,0.6339875,8,8,0,100.0,0.0
B07S9M8YTY,0.56075,8,7,1,87.5,12.5
B07S9S86BF,0.6348,8,8,0,100.0,0.0
B07SBGFDX9,0.4506,8,7,1,87.5,12.5
B07SLMR1K6,0.5563125,8,7,0,87.5,0.0
B07SLNG3LW,0.7292375,8,8,0,100.0,0.0
B07SPVMSC6,0.553925,8,8,0,100.0,0.0
B07SRM58TP,0.42967500000000003,8,6,0,75.0,0.0
B07SY4C3TD,0.6216375,8,7,1,87.5,12.5
B07SYYVP69,0.4877625,8,6,0,75.0,0.0
B07T4D9FNY,0.7019285714285715,7,7,0,100.0,0.0
B07T5DKR5D,0.572125,8,8,0,100.0,0.0
B07T9FV9YP,0.5494875,8,8,0,100.0,0.0
B07TC9F7PN,0.5541875,8,7,1,87.5,12.5
B07TCN5VR9,0.3757875,8,5,1,62.5,12.5
B07TMCXRFV,0.448975,8,6,1,75.0,12.5
B07TR5HSR9,0.3401875,8,6,1,75.0,12.5
B07TTSS5MP,0.624525,8,7,0,87.5,0.0
B07TXCY3YK,0.5327125,8,7,1,87.5,12.5
B07V5YF4ND,0.217,8,5,3,62.5,37.5
B07V82W5CN,0.44651250000000003,8,7,1,87.5,12.5
B07VJ9ZTXS,0.4780125,8,7,0,87.5,0.0
B07VNFP3C2,0.0897875,8,3,4,37.5,50.0
B07VQGVL68,0.342675,8,6,1,75.0,12.5
B07VSG5SXZ,0.6112285714285715,7,7,0,100.0,0.0
B07VTFN6HM,0.43262500000000004,8,6,2,75.0,25.0
B07VV37FT4,0.3803125,8,6,1,75.0,12.5
B07VVXJ2P5,0.357,8,7,1,87.5,12.5
B07VX71FZP,0.7125125,8,8,0,100.0,0.0
B07VZH6ZBB,0.219325,8,5,2,62.5,25.0
B07VZYMQNZ,0.34735,8,6,1,75.0,12.5
B07W14CHV8,0.1357625,8,5,2,62.5,25.0
B07W4HTS8Q,0.5467,8,7,0,87.5,0.0
B07W6VWZ8C,0.703225,8,8,0,100.0,0.0
B07W7Z6DVL,0.5073375,8,7,1,87.5,12.5
B07W9KYT62,0.28885,8,5,1,62.5,12.5
B07WDK3ZS2,0.369975,8,6,1,75.0,12.5
B07WDK3ZS6,0.6409,8,8,0,100.0,0.0
B07WDKLDRX,-0.20095,2,0,1,0.0,50.0
B07WDKLRM4,0.6409,8,8,0,100.0,0.0
B07WFPMGQQ,0.369975,8,6,1,75.0,12.5
B07WG8PDCW,0.7225,16,16,0,100.0,0.0
B07WGMMQGP,0.4866625,8,7,1,87.5,12.5
B07WGPBXY9,0.616025,8,7,1,87.5,12.5
B07WGPKMP5,0.6409,8,8,0,100.0,0.0
B07WGPKTS4,0.6409,8,8,0,100.0,0.0
B07WHQBZLS,0.4866625,8,7,1,87.5,12.5
B07WHQWXL7,0.6409,8,8,0,100.0,0.0
B07WHS7MZ1,0.01382499999999999,8,5,3,62.5,37.5
B07WHSJXLF,0.369975,8,6,1,75.0,12.5
B07WJV6P1R,0.6409,8,8,0,100.0,0.0
B07WJWRNVK,0.4866625,8,7,1,87.5,12.5
B07WJXCTG9,0.2646375,8,5,1,62.5,12.5
B07WKB69RS,0.4945125,8,6,1,75.0,12.5
B07WKBD37W,0.25645,8,6,1,75.0,12.5
B07WMS7TWB,0.2848625,8,6,2,75.0,25.0
B07WNK1FFN,0.5286125,8,6,1,75.0,12.5
B07WVQG8WZ,0.43205,8,7,1,87.5,12.5
B07X2L5Z8C,0.4527375,8,6,0,75.0,0.0
B07X963JNS,0.30242499999999994,8,6,1,75.0,12.5
B07XCM6T4N,0.36162500000000003,8,7,1,87.5,12.5
B07XJWTYM2,0.5333833333333333,6,6,0,100.0,0.0
B07XJYYH7L,0.028749999999999994,16,6,4,37.5,25.0
B07XLCFSSN,0.6689875000000001,24,24,0,100.0,0.0
B07XLML2YS,0.681825,8,8,0,100.0,0.0
B07Y1RCCW5,0.23725000000000002,8,4,3,50.0,37.5
B07Y5FDPKV,0.5635249999999999,8,8,0,100.0,0.0
B07Y9PY6Y1,0.5045625,8,7,1,87.5,12.5
B07YC8JHMB,0.05487499999999999,8,4,3,50.0,37.5
B07YCBSCYB,0.46545,8,7,1,87.5,12.5
B07YFWVRCM,0.555925,8,7,0,87.5,0.0
B07YL54NVJ,0.393125,8,4,0,50.0,0.0
B07YNHCW6N,0.31567142857142855,7,3,1,42.857142857142854,14.285714285714285
B07YNTJ8ZM,0.4810875,8,7,0,87.5,0.0
B07YQ5SN4H,0.461225,8,6,1,75.0,12.5
B07YR26BJ3,0.46563750000000004,8,5,1,62.5,12.5
B07YSJ7FF1,0.5654125,8,8,0,100.0,0.0
B07YTNKVJQ,0.5999125,8,8,0,100.0,0.0
B07YWS9SP9,0.43875000000000003,8,7,1,87.5,12.5
B07YY1BY5B,0.598625,8,7,0,87.5,0.0
B07YZG8PPY,0.4891625,8,7,1,87.5,12.5
B07Z1X6VFC,0.4830375,8,7,1,87.5,12.5
B07Z1YVP72,0.690975,8,8,0,100.0,0.0
B07Z1Z77ZZ,0.4489625,8,6,2,75.0,25.0
B07Z3K96FR,0.294025,8,5,1,62.5,12.5
B07Z51CGGH,0.5906750000000001,8,7,0,87.5,0.0
B07Z53L5QL,0.557675,8,7,1,87.5,12.5
B07ZJND9B9,0.6373125,8,8,0,100.0,0.0
B07ZKD8T1Q,0.2484375,8,7,1,87.5,12.5
B07ZR4S1G4,0.2581333333333333,6,4,1,66.66666666666666,16.666666666666664
B0811VCGL5,0.5378125,8,8,0,100.0,0.0
B0814LP6S9,0.6042875,8,7,0,87.5,0.0
B0814P4L98,0.7331285714285715,7,7,0,100.0,0.0
B0814ZY6FP,0.29441249999999997,8,5,0,62.5,0.0
B0819HZPXL,0.514925,8,7,1,87.5,12.5
B0819ZZK5K,0.2759,8,6,0,75.0,0.0
B081B1JL35,0.36815,8,6,2,75.0,25.0
B081FG1QYX,0.473175,8,8,0,100.0,0.0
B081FJWN52,0.473175,8,8,0,100.0,0.0
B081NHWT6Z,0.3841875,8,5,2,62.5,25.0
B081RLM75M,0.4499375,8,6,2,75.0,25.0
B08235JZFB,0.43091250000000003,8,7,1,87.5,12.5
B08243SKCK,0.44315,8,6,1,75.0,12.5
B082FTPRSK,0.1728375,8,4,3,50.0,37.5
B082KVTRW8,0.5999125,8,8,0,100.0,0.0
B082LSVT4B,0.660325,16,14,0,87.5,0.0
B082LZGK39,0.660325,16,14,0,87.5,0.0
B082T6GVG9,0.2051125,8,5,2,62.5,25.0
B082T6GVLJ,0.47925,8,7,1,87.5,12.5
B082T6GXS5,0.461725,8,7,1,87.5,12.5
B082T6V3DT,0.35827500000000007,24,18,3,75.0,12.5
B082ZQ4479,0.382925,8,6,1,75.0,12.5
B0832W3B7Q,0.5573125,8,7,1,87.5,12.5
B083342NKJ,0.7017142857142857,21,21,0,100.0,0.0
B0836JGZ74,0.2845125,8,5,2,62.5,25.0
B083GKDRKR,0.6014125,8,8,0,100.0,0.0
B083GQGT3Z,0.14398750000000002,8,5,3,62.5,37.5
B083J64CBB,0.3981625,8,6,2,75.0,25.0
B083M7WPZD,0.372975,8,5,2,62.5,25.0
B083P71WKK,0.516675,8,8,0,100.0,0.0
B083RC4WFJ,0.45873749999999996,8,7,1,87.5,12.5
B083RCTXLL,0.4204875,8,7,1,87.5,12.5
B083RD1J99,0.535625,8,8,0,100.0,0.0
B083T5G5PM,0.62295,2,2,0,100.0,0.0
B0841KQR1Z,0.34435,8,5,2,62.5,25.0
B08444S68L,0.5999,8,7,1,87.5,12.5
B08461VC1Z,0.71265,8,8,0,100.0,0.0
B0846D5CBP,0.5740625,8,7,1,87.5,12.5
B084872DQY,0.2163625,8,4,2,50.0,25.0
B08497Z1MQ,0.4430125,8,6,2,75.0,25.0
B08498D67S,0.2749875,8,6,2,75.0,25.0
B08498H13H,0.7038625000000001,8,8,0,100.0,0.0
B084BR3QX8,0.2933125,8,6,2,75.0,25.0
B084DTMYWK,0.342075,8,6,2,75.0,25.0
B084MZXJN6,0.485525,8,7,0,87.5,0.0
B084MZXJNK,0.5408875,8,7,1,87.5,12.5
B084MZYBTV,0.44971249999999996,8,6,0,75.0,0.0
B084N133Y7,0.5408875,8,7,1,87.5,12.5
B084N18QZY,0.6225625,8,8,0,100.0,0.0
B084N1BM9L,0.485525,8,7,0,87.5,0.0
B084PJSSQ1,0.4378125,8,6,1,75.0,12.5
B085194JFL,0.2890625,16,10,6,62.5,37.5
B0856HNMR7,0.67235,8,8,0,100.0,0.0
B0856HY85J,0.3264125,8,5,2,62.5,25.0
B0859M539M,0.3948125,8,7,1,87.5,12.5
B085CZ3SR1,0.5763125,8,7,0,87.5,0.0
B085DTN6R2,0.6455125,24,24,0,100.0,0.0
B085HY1DGR,0.4362375,16,10,0,62.5,0.0
B085LPT5F4,0.4789125,8,7,0,87.5,0.0
B085W8CFLH,0.4834375,8,7,1,87.5,12.5
B086199CWG,0.558675,8,7,0,87.5,0.0
B086394NY5,0.5129375,8,7,1,87.5,12.5
B086GVRP63,0.422275,8,7,0,87.5,0.0
B086JTMRYL,0.6489428571428572,7,7,0,100.0,0.0
B086PXQ2R4,0.21673749999999997,8,5,3,62.5,37.5
B086Q3QMFS,0.6608125,8,8,0,100.0,0.0
B086WMSCN3,-0.085425,8,2,5,25.0,62.5
B086X18Q71,0.261625,8,6,2,75.0,25.0
B0873L7J6X,0.56425,8,8,0,100.0,0.0
B087FXHB6J,0.44191250000000004,8,7,1,87.5,12.5
B087JWLZ2K,0.38025000000000003,2,2,0,100.0,0.0
B0883KDSXC,0.4869875,8,6,0,75.0,0.0
B0883LQJ6B,0.5584625,8,7,1,87.5,12.5
B088GXTJM3,0.7632625,8,8,0,100.0,0.0
B088WCFPQF,0.7545625,8,8,0,100.0,0.0
B088Z1YWBC,0.559575,8,7,1,87.5,12.5
B088ZFJY82,0.636225,8,8,0,100.0,0.0
B088ZTJT2R,0.324625,8,5,1,62.5,12.5
B089BDBDGM,0.5821625,8,7,1,87.5,12.5
B089WB69Y1,0.5913375,8,8,0,100.0,0.0
B08B42LWKN,0.4020375,8,6,2,75.0,25.0
B08B6XWQ1C,0.5830142857142857,7,6,1,85.71428571428571,14.285714285714285
B08BCKN299,0.49115,16,14,0,87.5,0.0
B08BG4M4N7,0.502275,8,6,1,75.0,12.5
B08BJN4MP3,0.6414124999999999,8,8,0,100.0,0.0
B08BQ947H3,0.030024999999999996,8,2,2,25.0,25.0
B08C4Z69LN,0.5913875,8,7,0,87.5,0.0
B08C7TYHPB,0.53555,8,7,0,87.5,0.0
B08CDKQ8T6,0.61395,16,16,0,100.0,0.0
B08CF3B7N1,0.55095,24,21,0,87.5,0.0
B08CF3D7QR,0.3740375,24,18,6,75.0,25.0
B08CF4SCNP,0.401225,8,7,1,87.5,12.5
B08CFCK6CW,0.23052499999999998,8,6,2,75.0,25.0
B08CFJBZRK,0.6656375,8,8,0,100.0,0.0
B08CGW4GYR,0.6365875,8,7,0,87.5,0.0
B08CHKQ8D4,0.7497714285714286,7,7,0,100.0,0.0
B08CHZ3ZQ7,0.7359125,8,8,0,100.0,0.0
B08CKW1KH9,0.443075,8,8,0,100.0,0.0
B08CNLYKW5,0.5601,7,6,1,85.71428571428571,14.285714285714285
B08CRRQK6Z,0.4613,8,5,2,62.5,25.0
B08CS3BT4L,0.269525,8,6,2,75.0,25.0
B08CT62BM1,0.5330374999999999,8,7,1,87.5,12.5
B08CTNJ985,0.5330374999999999,8,7,1,87.5,12.5
B08CTQP51L,0.5253,8,7,0,87.5,0.0
B08CYNJ5KY,0.669975,8,8,0,100.0,0.0
B08CYPB15D,0.5062375,8,6,0,75.0,0.0
B08CZHGHKH,0.7036,8,8,0,100.0,0.0
B08D11DZ2W,0.027299999999999998,8,3,2,37.5,25.0
B08D64C9FN,0.6563125,8,7,0,87.5,0.0
B08D6RCM3Q,0.60615,8,8,0,100.0,0.0
B08D75R3Z1,0.6745375,8,7,0,87.5,0.0
B08D77XZX5,0.5573125,8,7,1,87.5,12.5
B08D9MNH4B,0.27242500000000003,8,6,0,75.0,0.0
B08D9NDZ1Y,0.1616375,8,5,2,62.5,25.0
B08DCVRW98,0.5632874999999999,8,8,0,100.0,0.0
B08DDRGWTJ,0.5999125,24,24,0,100.0,0.0
B08DPLCM6T,0.4684375,16,14,2,87.5,12.5
B08F47T4X5,0.443625,8,6,1,75.0,12.5
B08FB2LNSZ,0.3126,8,6,1,75.0,12.5
B08FD2VSD9,0.6514142857142857,7,7,0,100.0,0.0
B08FGNPQ9X,0.6032625,8,8,0,100.0,0.0
B08FN6WGDQ,0.47845,8,6,1,75.0,12.5
B08FTFXNNB,0.2941375,8,6,2,75.0,25.0
B08FY4FG5X,0.2897875,8,5,3,62.5,37.5
B08FYB5HHK,0.2464125,8,5,2,62.5,25.0
B08G1RW2Q3,0.5865,8,8,0,100.0,0.0
B08G28Z33M,0.5849625,8,7,0,87.5,0.0
B08G43CCLC,0.559625,8,8,0,100.0,0.0
B08G8H8DPL,0.6038875,8,7,0,87.5,0.0
B08GJ57MKL,0.620325,8,7,1,87.5,12.5
B08GJNM9N7,0.5393375,8,8,0,100.0,0.0
B08GM5S4CQ,0.307575,8,5,3,62.5,37.5
B08GSQXLJ2,0.06158750000000001,8,4,4,50.0,50.0
B08GTYFC37,0.22715,8,4,2,50.0,25.0
B08GYG6T12,0.5286500000000001,8,7,1,87.5,12.5
B08H21B6V7,0.528675,8,7,0,87.5,0.0
B08H5L8V1L,0.389725,8,6,1,75.0,12.5
B08H673XKN,0.6998375,8,8,0,100.0,0.0
B08H6B3G96,0.567825,8,8,0,100.0,0.0
B08H6CZSHT,0.7084125,8,8,0,100.0,0.0
B08H9Z3XQW,0.592875,8,7,0,87.5,0.0
B08HD7JQHX,0.4164285714285714,7,5,1,71.42857142857143,14.285714285714285
B08HDCWDXD,0.40955,8,6,1,75.0,12.5
B08HDH26JX,0.65655,8,8,0,100.0,0.0
B08HDJ86NZ,0.6565500000000001,24,24,0,100.0,0.0
B08HF4W2CT,0.30242499999999994,8,6,1,75.0,12.5
B08HLC7Z3G,0.3765625,8,5,1,62.5,12.5
B08HLZ28QC,0.3931625,8,6,2,75.0,25.0
B08HQL67D6,0.5362,8,7,1,87.5,12.5
B08HV25BBQ,0.598625,8,7,0,87.5,0.0
B08HV83HL3,0.506525,8,8,0,100.0,0.0
B08HVJCW95,0.506525,8,8,0,100.0,0.0
B08HVL8QN3,0.506525,8,8,0,100.0,0.0
B08J4PL1Z3,0.2449875,8,6,2,75.0,25.0
B08J7VCT12,0.4991875,8,6,0,75.0,0.0
B08J82K4GX,0.3202375,8,6,2,75.0,25.0
B08JD36C6H,0.6455625,8,8,0,100.0,0.0
B08JKPVDKL,0.7067749999999999,8,8,0,100.0,0.0
B08JMC1988,0.2884,8,4,2,50.0,25.0
B08JQN8DGZ,0.4321375,8,7,0,87.5,0.0
B08JV91JTK,0.49960000000000004,8,8,0,100.0,0.0
B08JW1GVS7,0.2364125,8,5,1,62.5,12.5
B08K36NZSV,0.5879,8,7,0,87.5,0.0
B08K4PSZ3V,0.259,16,10,6,62.5,37.5
B08K4RDQ71,0.259,8,5,3,62.5,37.5
B08K9PX15C,0.7466571428571429,7,7,0,100.0,0.0
B08KDBLMQP,0.4844625,8,7,0,87.5,0.0
B08KHM9VBJ,0.08666249999999999,8,5,2,62.5,25.0
B08KRMK9LZ,0.4582375,8,8,0,100.0,0.0
B08KS2KQTK,0.379025,8,6,2,75.0,25.0
B08L12N5H1,0.4851875,8,8,0,100.0,0.0
B08L4SBJRY,0.443275,8,6,1,75.0,12.5
B08L5FM4JC,0.3582875,8,5,1,62.5,12.5
B08L5HMJVW,0.3582875,8,5,1,62.5,12.5
B08L7J3T31,0.46385,8,7,0,87.5,0.0
B08L879JSN,0.5094,8,7,0,87.5,0.0
B08LHTJTBB,0.283975,8,5,1,62.5,12.5
B08LKS3LSP,0.3687375,8,6,2,75.0,25.0
B08LPJZSSW,0.6392125,8,8,0,100.0,0.0
B08LT9BMPP,0.5009875,8,7,1,87.5,12.5
B08LVVTGZK,0.6172625,8,7,0,87.5,0.0
B08LW31NQ6,0.553125,8,6,1,75.0,12.5
B08M66K48D,0.53765,8,7,0,87.5,0.0
B08MC57J31,0.6649875,8,8,0,100.0,0.0
B08MCD9JFY,0.5567,8,7,1,87.5,12.5
B08MTCKDYN,0.459325,16,14,0,87.5,0.0
B08MTLLSL8,0.7511875,8,8,0,100.0,0.0
B08MV82R99,0.4591375,8,6,0,75.0,0.0
B08MVSGXMY,0.1852375,8,5,3,62.5,37.5
B08MVXPTDG,0.37236250000000004,8,7,1,87.5,12.5
B08MWJTST6,0.376325,8,6,2,75.0,25.0
B08MXJYB2V,0.54075,8,7,1,87.5,12.5
B08MZNT7GP,0.3468,8,6,2,75.0,25.0
B08MZQBFLN,0.55645,8,8,0,100.0,0.0
B08N1WL9XW,0.270425,8,5,1,62.5,12.5
B08N6P8G5K,0.8152125,8,8,0,100.0,0.0
B08NCKT9FG,0.6221375,8,7,1,87.5,12.5
B08NW8GHCJ,0.6029625000000001,8,7,0,87.5,0.0
B08P9RYPLR,0.270425,8,5,1,62.5,12.5
B08PFSZ7FH,0.32889999999999997,8,5,2,62.5,25.0
B08PKBMJKS,0.374525,8,5,1,62.5,12.5
B08PPHFXG3,0.5503625,8,7,0,87.5,0.0
B08PSQRW2T,0.6817624999999999,8,8,0,100.0,0.0
B08PSVBB2X,0.6817624999999999,8,8,0,100.0,0.0
B08PV1X771,0.1600125,8,5,3,62.5,37.5
B08PZ6HZLT,0.7119285714285715,7,7,0,100.0,0.0
B08QDPB1SL,0.40154999999999996,8,6,1,75.0,12.5
B08QHLXWV3,0.5292375,8,8,0,100.0,0.0
B08QJJCY2Q,0.5006,8,8,0,100.0,0.0
B08QSC1XY8,0.5792875,16,14,0,87.5,0.0
B08QSDKFGQ,0.5792875,8,7,0,87.5,0.0
B08QW937WV,0.657775,8,7,0,87.5,0.0
B08QX1CC14,0.0397875,8,3,2,37.5,25.0
B08R69VDHT,0.6203375,24,21,3,87.5,12.5
B08R69WBN7,0.6203375,8,7,1,87.5,12.5
B08RDWBYCQ,0.4764625,8,6,0,75.0,0.0
B08RHPDNVV,0.17845,8,5,2,62.5,25.0
B08RP2L2NL,0.1966,8,6,2,75.0,25.0
B08RWCZ6SY,0.389625,8,6,1,75.0,12.5
B08RX8G496,0.2618375,8,4,3,50.0,37.5
B08RZ12GKR,0.23833749999999998,8,5,3,62.5,37.5
B08RZ5K9YH,0.5300714285714286,7,6,1,85.71428571428571,14.285714285714285
B08S6RKT4L,0.4556375,8,6,0,75.0,0.0
B08S74GTBT,0.29410000000000003,8,5,1,62.5,12.5
B08S7V8YTN,0.7509250000000001,8,8,0,100.0,0.0
B08SBH499M,0.5552125,8,7,0,87.5,0.0
B08SCCG9D4,0.58715,8,8,0,100.0,0.0
B08SJVD8QD,0.4569,8,6,2,75.0,25.0
B08SKZ2RMG,0.57835,8,7,0,87.5,0.0
B08SMJT55F,0.36801249999999996,8,5,2,62.5,25.0
B08T8KWNQ9,0.4270666666666667,6,5,1,83.33333333333334,16.666666666666664
B08TDJ5BVF,0.377625,8,7,1,87.5,12.5
B08TDJNM3G,0.44715,8,7,0,87.5,0.0
B08TGG316Z,0.8164333333333333,3,3,0,100.0,0.0
B08TM71L54,0.44735,8,6,1,75.0,12.5
B08TR61BVK,0.6082625,8,7,0,87.5,0.0
B08TT63N58,0.17161428571428572,7,3,3,42.857142857142854,42.857142857142854
B08TTRVWKY,0.69705,8,8,0,100.0,0.0
B08TV2P1N8,0.5180374999999999,8,6,1,75.0,12.5
B08TZD7FQN,0.46926249999999997,8,7,1,87.5,12.5
B08V9C4B1J,0.6029625000000001,8,7,0,87.5,0.0
B08VB2CMR3,0.5505249999999999,8,7,1,87.5,12.5
B08VB34KJ1,0.5505249999999999,8,7,1,87.5,12.5
B08VB57558,0.7806500000000001,2,2,0,100.0,0.0
B08VF8V79P,0.27165,8,5,2,62.5,25.0
B08VFF6JQ8,0.3057625,8,6,1,75.0,12.5
B08VGDBF3B,0.4476,8,7,0,87.5,0.0
B08VGFX2B6,0.4472625,8,6,0,75.0,0.0
B08VGM3YMF,0.556575,8,7,1,87.5,12.5
B08VJFYH6N,0.375825,8,5,2,62.5,25.0
B08VRMK55F,0.1818375,8,4,3,50.0,37.5
B08VS3YLRK,0.5323375,8,7,1,87.5,12.5
B08W56G1K9,0.47926250000000004,8,7,1,87.5,12.5
B08W9BK4MD,0.7507125,8,8,0,100.0,0.0
B08WD18LJZ,0.497975,8,7,1,87.5,12.5
B08WJ86PV2,0.53125,8,7,0,87.5,0.0
B08WKCTFF3,0.70555,8,8,0,100.0,0.0
B08WKFSN84,0.4000875,8,6,2,75.0,25.0
B08WKG2MWT,0.4000875,8,6,2,75.0,25.0
B08WLY8V9S,0.6259125,8,7,0,87.5,0.0
B08WRBG3XW,0.24896875000000002,16,10,4,62.5,25.0
B08WRKSF9D,0.3040125,8,6,2,75.0,25.0
B08WRWPM22,0.35755000000000003,24,18,6,75.0,25.0
B08WWKM5HQ,0.3650166666666667,6,5,1,83.33333333333334,16.666666666666664
B08X77LM8C,0.3310625,8,5,3,62.5,37.5
B08XLR6DSB,0.4492875,8,6,1,75.0,12.5
B08XMG618K,0.5917375,8,8,0,100.0,0.0
B08XMSKKMM,0.2150375,8,6,2,75.0,25.0
B08XNL93PL,0.3812375,8,7,1,87.5,12.5
B08XXF5V6G,0.3069625,8,6,1,75.0,12.5
B08XXVXP3J,0.03667500000000001,8,3,3,37.5,37.5
B08Y1SJVV5,0.4677,16,12,2,75.0,12.5
B08Y1TFSP6,0.4677,24,18,3,75.0,12.5
B08Y55LPBF,0.2473375,8,5,2,62.5,25.0
B08Y57TPDM,0.39913750000000003,8,6,1,75.0,12.5
B08Y5KXR6Z,0.4677,8,6,1,75.0,12.5
B08Y5QJTVK,0.334225,8,5,1,62.5,12.5
B08Y5QJXSR,0.5012,8,7,0,87.5,0.0
B08Y7MXFMK,0.21266249999999998,8,4,3,50.0,37.5
B08YD264ZS,0.577375,8,7,1,87.5,12.5
B08YDFX7Y1,0.5377375,8,7,1,87.5,12.5
B08YK7BBD2,0.2341875,8,5,2,62.5,25.0
B08YRMBK9R,0.3796,8,7,1,87.5,12.5
B08YXJJW8H,0.7352375,8,8,0,100.0,0.0
B08ZHYNTM1,0.6375,8,8,0,100.0,0.0
B08ZJDWTJ1,0.2809625,8,5,1,62.5,12.5
B08ZN4B121,0.7379375,8,8,0,100.0,0.0
B08ZXZ362Z,0.04661666666666669,6,3,3,50.0,50.0
B09127FZCK,0.1005,8,4,3,50.0,37.5
B0912WJ87V,0.558825,8,7,0,87.5,0.0
B09163Q5CD,0.426,8,7,0,87.5,0.0
B091JF2TFD,0.29545,8,5,3,62.5,37.5
B091KNVNS9,0.33706250000000004,8,6,1,75.0,12.5
B091V8HK8Z,0.2494625,8,4,0,50.0,0.0
B0926V9CTV,0.460325,8,6,2,75.0,25.0
B092BJMT8Q,0.38280000000000003,8,5,1,62.5,12.5
B092BL5DCX,0.38280000000000003,8,5,1,62.5,12.5
B092JHPL72,0.5161125,8,7,1,87.5,12.5
B092R48XXB,0.2392125,8,4,3,50.0,37.5
B092X94QNQ,0.67256,5,5,0,100.0,0.0
B093QCY6YJ,0.539925,8,8,0,100.0,0.0
B093ZNQZ2Y,0.4210375,8,6,1,75.0,12.5
B0941392C8,0.2296875,8,4,2,50.0,25.0
B09474JWN6,0.657775,8,8,0,100.0,0.0
B0949FPSFY,0.5506,8,6,1,75.0,12.5
B0949SBKMP,0.44179999999999997,16,12,2,75.0,12.5
B094DQWV9B,0.63825,8,7,1,87.5,12.5
B094G9L9LT,0.344625,8,6,2,75.0,25.0
B094JB13XL,0.2349625,8,5,2,62.5,25.0
B094JNXNPV,0.4065833333333333,12,8,2,66.66666666666666,16.666666666666664
B094QZLJQ6,0.2986875,8,6,1,75.0,12.5
B094YFFSMY,0.595375,16,16,0,100.0,0.0
B095244Q22,0.4212125,8,6,1,75.0,12.5
B095JPKPH3,0.495275,8,6,0,75.0,0.0
B095JQVC7N,0.495275,8,6,0,75.0,0.0
B095K14P86,0.305325,8,5,2,62.5,25.0
B095PWLLY6,0.6898,8,8,0,100.0,0.0
B095RTJH1M,0.752425,8,8,0,100.0,0.0
B095X38CJS,0.6305625,8,7,0,87.5,0.0
B095XCRDQW,0.3104,8,6,2,75.0,25.0
B096MSW6CT,0.55085,24,24,0,100.0,0.0
B096NTB9XT,0.501675,8,8,0,100.0,0.0
B096TWZRJC,0.4216375,8,6,1,75.0,12.5
B096VF5YYF,0.2113,16,6,0,37.5,0.0
B096YCN3SD,0.5122375,8,7,0,87.5,0.0
B0971DWFDT,0.576875,8,8,0,100.0,0.0
B0972BQ2RS,0.42328750000000004,8,6,2,75.0,25.0
B0974G5Q2Y,0.712625,8,8,0,100.0,0.0
B0974H97TJ,0.6221375,8,7,1,87.5,12.5
B0977CGNJJ,0.6076374999999999,8,7,0,87.5,0.0
B0978V2CP6,0.3634875,8,7,1,87.5,12.5
B097C564GC,0.425225,8,7,1,87.5,12.5
B097JQ1J5G,-0.2021,8,2,6,25.0,75.0
B097JVLW3L,0.7136375,8,8,0,100.0,0.0
B097MKZHNV,0.5664,8,7,1,87.5,12.5
B097R25DP7,0.4357625,16,13,2,81.25,12.5
B097R2V1W8,0.4053375,8,6,1,75.0,12.5
B097R3XH9R,0.2889625,8,5,1,62.5,12.5
B097R45BH8,0.4195625,8,6,1,75.0,12.5
B097R4D42G,0.35705,8,5,1,62.5,12.5
B097RJ867P,0.612225,8,7,0,87.5,0.0
B097RN7BBK,0.3903875,8,7,1,87.5,12.5
B097XJQZ8H,0.6989000000000001,8,7,0,87.5,0.0
B097ZQTDVZ,0.08477499999999999,8,4,2,50.0,25.0
B0981XSZJ7,0.3895375,8,6,1,75.0,12.5
B0989W6J2F,0.6386375,8,7,0,87.5,0.0
B098JYT4SY,0.6467125,8,7,0,87.5,0.0
B098K3H92Z,0.3175375,8,6,1,75.0,12.5
B098LCVYPW,0.571875,8,6,1,75.0,12.5
B098NS6PVG,0.6603249999999999,24,21,0,87.5,0.0
B098QXR9X2,0.45082500000000003,8,7,1,87.5,12.5
B098R25TGC,0.765875,8,8,0,100.0,0.0
B098T9CJVQ,0.5343125,8,7,0,87.5,0.0
B098TV3L96,0.3117625,8,4,1,50.0,12.5
B09939XJX8,0.7874875,8,8,0,100.0,0.0
B0993BB11X,0.4516875,8,5,1,62.5,12.5
B0994GFWBH,0.072825,16,8,4,50.0,25.0
B0994GP1CX,0.2954,8,6,1,75.0,12.5
B099FDW2ZF,0.4221875,8,6,1,75.0,12.5
B099K9ZX65,0.31671249999999995,8,6,1,75.0,12.5
B099PR2GQJ,0.44420000000000004,8,7,1,87.5,12.5
B099S26HWG,0.4885857142857143,7,6,0,85.71428571428571,0.0
B099SD8PRP,0.5097375,8,7,1,87.5,12.5
B099Z83VRC,0.4482625,8,6,0,75.0,0.0
B09B125CFJ,0.4482875,8,7,1,87.5,12.5
B09B9SPC7F,0.44062500000000004,8,6,0,75.0,0.0
B09BCNQ9R2,0.52175,8,7,1,87.5,12.5
B09BF8JBWX,0.347275,8,7,1,87.5,12.5
B09BL2KHQW,0.4292125,8,7,0,87.5,0.0
B09BN2NPBD,0.3068625,8,6,1,75.0,12.5
B09BNXQ6BR,0.2349625,8,5,2,62.5,25.0
B09BVCVTBC,0.7299125,8,8,0,100.0,0.0
B09BW2GP18,0.42505000000000004,8,5,2,62.5,25.0
B09BW334ML,0.4798142857142857,7,6,0,85.71428571428571,0.0
B09C635BMM,0.3279375,8,6,1,75.0,12.5
B09C6FML9B,0.21725000000000003,8,5,2,62.5,25.0
B09C6H53KH,0.37695,8,5,2,62.5,25.0
B09C6HWG18,0.582975,16,16,0,100.0,0.0
B09C6HXFC1,0.822975,24,24,0,100.0,0.0
B09CGLY5CX,0.2382,8,5,2,62.5,25.0
B09CKSYBLR,0.716175,8,8,0,100.0,0.0
B09CMM3VGK,0.54575,16,14,2,87.5,12.5
B09CMP1SC8,0.3924625,24,15,6,62.5,25.0
B09CMQRQM6,0.5340125,8,8,0,100.0,0.0
B09CTRPSJR,0.6940875,8,8,0,100.0,0.0
B09CTWFV5W,0.5218875,8,7,0,87.5,0.0
B09CYTJV3N,-0.08424999999999999,8,4,4,50.0,50.0
B09DDCQFMT,0.2912625,8,5,2,62.5,25.0
B09DG9VNWB,0.3545875,8,5,1,62.5,12.5
B09DL9978Y,0.63385,8,8,0,100.0,0.0
B09DSQXCM8,0.5952375,8,8,0,100.0,0.0
B09DSXK8JX,0.5398625,8,8,0,100.0,0.0
B09F3PDDRF,0.3715375,8,6,1,75.0,12.5
B09F5Z694W,0.40608750000000005,8,7,0,87.5,0.0
B09F6D21BY,-0.03468749999999999,8,3,3,37.5,37.5
B09F6KL23R,0.4076125,8,7,1,87.5,12.5
B09F6S8BT6,0.1600125,16,10,6,62.5,37.5
B09F6VHQXB,0.5927625,8,8,0,100.0,0.0
B09F9YQQ7B,0.24733750000000002,16,10,4,62.5,25.0
B09FFK1PQG,0.4545125,8,6,1,75.0,12.5
B09FHHTL8L,0.2223875,8,5,3,62.5,37.5
B09FKDH6FS,0.57045,8,8,0,100.0,0.0
B09FPP3R1D,0.24300000000000002,8,4,2,50.0,25.0
B09FZ89DK6,0.3278625,8,5,1,62.5,12.5
B09G2VTHQM,0.7138875,8,8,0,100.0,0.0
B09G5TSGXV,0.220525,8,5,2,62.5,25.0
B09GB5B4BK,0.4424625,8,8,0,100.0,0.0
B09GBBJV72,0.654875,8,7,1,87.5,12.5
B09GFLXVH9,0.4912,8,7,1,87.5,12.5
B09GFM8CGS,0.4912,8,7,1,87.5,12.5
B09GFN8WZL,0.650825,8,8,0,100.0,0.0
B09GFPN6TP,0.4912,8,7,1,87.5,12.5
B09GFPVD9Y,0.4912,8,7,1,87.5,12.5
B09GFWJDY1,0.69065,8,7,0,87.5,0.0
B09GP6FBZT,0.5723875,8,7,0,87.5,0.0
B09GYBZPHF,0.5546125,8,8,0,100.0,0.0
B09H34V36W,0.6414375,8,8,0,100.0,0.0
B09H39KTTB,0.302175,8,5,2,62.5,25.0
B09H3BXWTK,0.42435,8,7,1,87.5,12.5
B09H7JDJCW,0.561275,8,7,1,87.5,12.5
B09HCH3JZG,0.624325,8,7,0,87.5,0.0
B09HK9JH4F,0.32886249999999995,8,5,2,62.5,25.0
B09HN7LD5L,0.37305,8,5,1,62.5,12.5
B09HQSV46W,0.5118375000000001,8,6,2,75.0,25.0
B09HS1NDRQ,0.1297625,8,5,3,62.5,37.5
B09HSKYMB3,0.3864375,8,6,2,75.0,25.0
B09HV71RL1,0.7497714285714286,7,7,0,100.0,0.0
B09J2MM5C6,0.3133125,8,4,2,50.0,25.0
B09J2QCKKM,0.5654428571428571,7,6,1,85.71428571428571,14.285714285714285
B09J2SCVQT,0.5032125000000001,8,8,0,100.0,0.0
B09J4YQYX3,0.29059999999999997,8,4,3,50.0,37.5
B09JFR8H3Q,0.3486,8,5,1,62.5,12.5
B09JKNF147,0.6449625,8,7,0,87.5,0.0
B09JN37WBX,0.58475,8,8,0,100.0,0.0
B09JPC82QC,0.25958749999999997,8,5,0,62.5,0.0
B09JS562TP,0.23446250000000002,8,5,1,62.5,12.5
B09JS94MBV,0.23446250000000002,8,5,1,62.5,12.5
B09JSW16QD,0.4272,8,6,1,75.0,12.5
B09KGV7WSV,0.48745,16,14,2,87.5,12.5
B09KH58JZR,0.018462499999999993,8,3,4,37.5,50.0
B09KLVMZ3B,0.5723375,24,21,0,87.5,0.0
B09KNMLH4Y,0.5236,8,7,0,87.5,0.0
B09KPXTZXN,0.655275,8,7,0,87.5,0.0
B09KRHXTLN,0.2874375,8,6,2,75.0,25.0
B09L835C3V,0.32886249999999995,8,5,2,62.5,25.0
B09L8DSSFH,0.3738,8,7,0,87.5,0.0
B09L8DT7D6,0.3731,8,6,0,75.0,0.0
B09LD3116F,0.5234375,8,6,1,75.0,12.5
B09LH32678,0.6428125,8,7,1,87.5,12.5
B09LHXNZLR,0.6105,8,8,0,100.0,0.0
B09LHYZ3GJ,0.65255,8,7,1,87.5,12.5
B09LHZSMRR,0.65255,8,7,1,87.5,12.5
B09LJ116B5,0.65255,8,7,1,87.5,12.5
B09LMMFW3S,0.2222625,8,4,1,50.0,12.5
B09LQH3SD9,0.5383625,8,7,0,87.5,0.0
B09LQQYNZQ,0.42969999999999997,4,3,1,75.0,25.0
B09LRZYBH1,0.5267625,8,7,1,87.5,12.5
B09LV13JFB,-0.1777,5,1,2,20.0,40.0
B09LV1CMGH,0.04983750000000001,8,3,4,37.5,50.0
B09M3F4HGB,0.598375,8,7,0,87.5,0.0
B09M869Z5V,0.319225,8,6,1,75.0,12.5
B09M8888DM,0.3476625,8,6,0,75.0,0.0
B09MB3DKG1,0.2633625,8,4,2,50.0,25.0
B09MDCZJXS,0.49520000000000003,8,6,0,75.0,0.0
B09MFR93KS,0.417725,8,6,2,75.0,25.0
B09MJ77786,0.811775,8,8,0,100.0,0.0
B09MKG4ZCM,0.365975,8,6,1,75.0,12.5
B09MKP344P,0.27754999999999996,8,6,2,75.0,25.0
B09MM6P76N,0.5983125,8,8,0,100.0,0.0
B09MMD1FDN,0.3554125,8,6,1,75.0,12.5
B09MQ9PDHR,0.42669999999999997,8,7,1,87.5,12.5
B09MQSCJQ1,0.31027499999999997,16,10,4,62.5,25.0
B09MT6XSFW,0.3058,8,5,2,62.5,25.0
B09MT84WV5,0.24535,16,9,4,56.25,25.0
B09MT94QLL,0.3768125,8,6,0,75.0,0.0
B09MTLG4TP,0.65355,8,7,0,87.5,0.0
B09MY4W73Q,0.587225,8,7,0,87.5,0.0
B09MZ6WZ6V,0.5754125,8,8,0,100.0,0.0
B09MZCQYHZ,0.4516875,8,5,1,62.5,12.5
B09N3BFP4M,0.18969999999999998,7,4,3,57.14285714285714,42.857142857142854
B09N3ZNHTY,0.17790000000000003,3,1,1,33.33333333333333,33.33333333333333
B09N6TTHT6,0.5815875,8,8,0,100.0,0.0
B09NBZ36F7,0.56625,8,7,1,87.5,12.5
B09NC2TY11,0.580675,8,7,0,87.5,0.0
B09ND94ZRG,0.172425,8,4,3,50.0,37.5
B09NFSHCWN,0.3834625,8,6,2,75.0,25.0
B09NHVCHS9,0.270425,24,15,3,62.5,12.5
B09NJN8L25,0.270425,8,5,1,62.5,12.5
B09NKZXMWJ,0.270425,8,5,1,62.5,12.5
B09NL4DCXK,0.6694375,8,8,0,100.0,0.0
B09NL4DJ2Z,0.270425,8,5,1,62.5,12.5
B09NL7LBWT,0.8474375000000001,8,8,0,100.0,0.0
B09NNGHG22,0.4739,8,7,1,87.5,12.5
B09NNHFSSF,0.69295,8,7,0,87.5,0.0
B09NNJ9WYM,0.207825,8,6,2,75.0,25.0
B09NNZ1GF7,0.703525,8,8,0,100.0,0.0
B09NR6G588,-0.16417500000000002,8,2,6,25.0,75.0
B09NS5TKPN,0.2932375,8,5,2,62.5,25.0
B09NTHQRW3,0.3322875,8,5,2,62.5,25.0
B09NVPJ3P4,0.46065,8,7,1,87.5,12.5
B09NVPSCQT,0.451475,16,14,2,87.5,12.5
B09NY6TRXG,0.1198875,8,4,3,50.0,37.5
B09NY7W8YD,0.476625,8,6,0,75.0,0.0
B09P182Z2H,0.19435000000000002,8,5,2,62.5,25.0
B09P18XVW6,0.354825,8,6,1,75.0,12.5
B09P1MFKG1,0.5715142857142858,7,6,0,85.71428571428571,0.0
B09P22HXH6,0.675625,8,8,0,100.0,0.0
B09P564ZTJ,0.5058875,8,7,1,87.5,12.5
B09P858DK8,0.776125,8,8,0,100.0,0.0
B09P8M18QM,0.12419999999999999,8,4,2,50.0,25.0
B09PDZNSBG,0.8362875000000001,8,8,0,100.0,0.0
B09PL79D2X,0.166825,8,4,3,50.0,37.5
B09PLD9TCD,0.5398625,8,8,0,100.0,0.0
B09PLFJ7ZW,0.354825,8,6,1,75.0,12.5
B09PNKXSKF,0.4423,8,7,1,87.5,12.5
B09PNR6F8Q,0.6548875000000001,8,8,0,100.0,0.0
B09PTT8DZF,0.2859,8,5,1,62.5,12.5
B09Q3M3WLJ,0.3876,8,7,1,87.5,12.5
B09Q5P2MT3,0.4020375,8,6,2,75.0,25.0
B09Q5SWVBJ,0.4020375,8,6,2,75.0,25.0
B09Q8HMKZX,0.7766875,16,16,0,100.0,0.0
B09Q8WQ5QJ,0.516325,8,7,1,87.5,12.5
B09QGZFBPM,0.4000875,8,6,2,75.0,25.0
B09QGZM8QB,0.4000875,8,6,2,75.0,25.0
B09QS8V5N8,0.5134142857142857,7,6,0,85.71428571428571,0.0
B09QS9CWLV,0.5134142857142857,7,6,0,85.71428571428571,0.0
B09QS9X16F,0.5134142857142857,7,6,0,85.71428571428571,0.0
B09QS9X9L8,0.5134142857142857,7,6,0,85.71428571428571,0.0
B09R1YFL6S,0.4309428571428571,7,5,1,71.42857142857143,14.285714285714285
B09R83SFYV,0.50305,6,6,0,100.0,0.0
B09RF2QXGX,0.40900000000000003,8,6,0,75.0,0.0
B09RFB2SJQ,0.543175,8,7,1,87.5,12.5
B09RFC46VP,0.2473375,8,5,2,62.5,25.0
B09RKFBCV7,0.210225,8,6,2,75.0,25.0
B09RMQYHLH,0.36434999999999995,8,6,1,75.0,12.5
B09RQRZW2X,0.2915625,8,7,1,87.5,12.5
B09RWQ7YR6,0.7705875,8,8,0,100.0,0.0
B09RWZRCP1,0.5242625,16,14,2,87.5,12.5
B09RX1FK54,0.5242625,8,7,1,87.5,12.5
B09RZS1NQT,0.58505,16,14,2,87.5,12.5
B09SB6SJB4,0.6617,8,8,0,100.0,0.0
B09SDDQQKP,0.3554125,8,5,3,62.5,37.5
B09SFRNKSR,0.7594875,8,8,0,100.0,0.0
B09SGGRKV8,0.43135,8,6,2,75.0,25.0
B09SJ1FTYV,0.6667125,8,8,0,100.0,0.0
B09SPTNG58,0.431175,8,7,0,87.5,0.0
B09SZ5TWHW,0.0890375,8,6,2,75.0,25.0
B09T2S8X9C,0.6082,8,8,0,100.0,0.0
B09T2WRLJJ,0.6082,8,8,0,100.0,0.0
B09T37CKQ5,0.6694375,8,8,0,100.0,0.0
B09T39K9YL,0.6082,8,8,0,100.0,0.0
B09T3H12GV,0.5263875,8,8,0,100.0,0.0
B09T3KB6JZ,0.3851,8,6,1,75.0,12.5
B09TBCVJS3,0.58594,5,5,0,100.0,0.0
B09TMZ1MF8,0.4943375,8,6,1,75.0,12.5
B09TP5KBN7,0.4056125,8,6,1,75.0,12.5
B09TT6BFDX,0.707125,8,8,0,100.0,0.0
B09TWH8YHM,0.57285,2,2,0,100.0,0.0
B09TWHTBKQ,0.57285,2,2,0,100.0,0.0
B09TY4MSH3,0.14024999999999999,8,4,3,50.0,37.5
B09V12K8NT,0.5334875,16,13,0,81.25,0.0
B09V175NP7,0.5499875,8,7,0,87.5,0.0
B09V17S2BG,0.5499875,8,7,0,87.5,0.0
B09V2PZDX8,0.4134125,8,7,1,87.5,12.5
B09V2Q4QVQ,0.4134125,8,7,1,87.5,12.5
B09VC2D2WG,0.6905249999999999,8,8,0,100.0,0.0
B09VCHLSJF,0.29307500000000003,8,6,1,75.0,12.5
B09VGKFM7Y,0.24503333333333333,3,1,0,33.33333333333333,0.0
B09VGS66FV,0.621675,8,7,0,87.5,0.0
B09VH568H7,0.2588666666666667,6,5,1,83.33333333333334,16.666666666666664
B09VKWGZD7,0.6902125,8,8,0,100.0,0.0
B09VL9KFDB,0.26315,8,6,2,75.0,25.0
B09VPH38JS,0.4136875,8,5,0,62.5,0.0
B09VT6JKRP,0.435775,8,6,1,75.0,12.5
B09VZBGL1N,0.5871875,8,7,0,87.5,0.0
B09W5XR9RT,0.5453875,24,21,0,87.5,0.0
B09W9V2PXG,0.5895375,8,7,0,87.5,0.0
B09WF4Q7B3,0.3083875,8,6,1,75.0,12.5
B09WMTJPG7,0.4230375,8,7,1,87.5,12.5
B09WN3SRC7,0.5109375,8,7,1,87.5,12.5
B09WRMNJ9G,0.5071,7,6,1,85.71428571428571,14.285714285714285
B09X1M3DHX,0.5833875,8,8,0,100.0,0.0
B09X5C9VLK,0.6226375,8,7,0,87.5,0.0
B09X5HD5T1,0.4532,8,8,0,100.0,0.0
B09X76VL5L,0.2365,8,5,2,62.5,25.0
B09X79PP8F,0.4658375,8,7,1,87.5,12.5
B09X7DY7Q4,0.4265625,8,7,0,87.5,0.0
B09XB1R2F3,0.13732499999999997,8,3,2,37.5,25.0
B09XB7DPW1,0.5702,8,7,0,87.5,0.0
B09XB7SRQ5,0.5702,8,7,0,87.5,0.0
B09XB8GFBQ,0.5702,8,7,0,87.5,0.0
B09XBJ1CTN,0.6324,8,7,1,87.5,12.5
B09XHXXCFH,0.6493375,8,8,0,100.0,0.0
B09XJ1LM7R,0.0,1,0,0,0.0,0.0
B09XJ5LD6L,0.259575,8,5,1,62.5,12.5
B09XRBJ94N,0.6705,8,7,0,87.5,0.0
B09XTQFFCG,0.768675,8,8,0,100.0,0.0
B09XX51X2G,0.1792875,8,4,2,50.0,25.0
B09XXZXQC1,0.477825,4,4,0,100.0,0.0
B09Y14JLP3,0.5871875,8,7,0,87.5,0.0
B09Y358DZQ,-0.013625000000000005,8,4,3,50.0,37.5
B09Y5FZK9N,0.4893375,8,6,0,75.0,0.0
B09Y5MP7C4,0.4510875,8,6,1,75.0,12.5
B09YDFDVNS,0.4134125,8,7,1,87.5,12.5
B09YDFKJF8,0.4134125,8,7,1,87.5,12.5
B09YHLPQYT,0.653275,8,7,0,87.5,0.0
B09YL9SN9B,0.692325,8,8,0,100.0,0.0
B09YLFHFDW,0.11915,8,5,1,62.5,12.5
B09YLWT89W,0.2439375,8,5,2,62.5,25.0
B09YLX91QR,0.618175,8,8,0,100.0,0.0
B09YLXYP7Y,0.618175,24,24,0,100.0,0.0
B09YLYB9PB,0.618175,8,8,0,100.0,0.0
B09YV3K34W,0.727475,8,8,0,100.0,0.0
B09YV42QHZ,0.5915125,8,7,0,87.5,0.0
B09YV463SW,0.5915125,8,7,0,87.5,0.0
B09YV4MW2T,0.70695625,16,16,0,100.0,0.0
B09YV4RG4D,0.5915125,16,14,0,87.5,0.0
B09YV575RK,0.340625,8,6,2,75.0,25.0
B09Z28BQZT,0.427775,8,7,1,87.5,12.5
B09Z6WH2N1,0.6116375000000001,16,16,0,100.0,0.0
B09Z7YGV3R,0.3677125,8,5,1,62.5,12.5
B09ZDVL7L8,0.66845,8,8,0,100.0,0.0
B09ZHCJDP1,0.6955375,8,8,0,100.0,0.0
B09ZK6THRR,0.6321875,8,8,0,100.0,0.0
B09ZPJT8B2,0.5380375000000001,8,7,1,87.5,12.5
B09ZPL5VYM,0.628875,8,8,0,100.0,0.0
B09ZPM4C2C,0.4558125,8,7,0,87.5,0.0
B09ZQK9X8G,0.32679375,16,12,2,75.0,12.5
B09ZTZ9N3Q,0.34885,8,6,2,75.0,25.0
B09ZVJXN5L,0.2712666666666667,3,2,1,66.66666666666666,33.33333333333333
B0B12K5BPM,0.275875,8,5,3,62.5,37.5
B0B14MR9L1,0.57285,2,2,0,100.0,0.0
B0B15CPR37,0.38280000000000003,8,5,1,62.5,12.5
B0B15GSPQW,0.38280000000000003,8,5,1,62.5,12.5
B0B16KD737,0.40871250000000003,8,7,0,87.5,0.0
B0B19VJXQZ,0.752,2,2,0,100.0,0.0
B0B1F6GQPS,0.2888875,8,6,1,75.0,12.5
B0B1MDZV9C,0.42235,8,6,2,75.0,25.0
B0B1NX6JTN,0.582625,8,8,0,100.0,0.0
B0B1YVCJ2Y,0.4466375,8,7,0,87.5,0.0
B0B1YY6JJL,0.4466375,8,7,0,87.5,0.0
B0B1YZ9CB8,0.4466375,8,7,0,87.5,0.0
B0B1YZX72F,0.4466375,8,7,0,87.5,0.0
B0B217Z5VK,0.6136375000000001,8,7,1,87.5,12.5
B0B21C4BMX,0.3451125,8,6,2,75.0,25.0
B0B21XL94T,0.21126250000000002,8,4,3,50.0,37.5
B0B23LW7NV,0.6669125,8,8,0,100.0,0.0
B0B244R4KB,0.559825,8,8,0,100.0,0.0
B0B25DJ352,0.5578625,8,7,1,87.5,12.5
B0B25LQQPC,0.4549625,8,6,1,75.0,12.5
B0B2931FCV,0.3566375,8,5,3,62.5,37.5
B0B296NTFV,0.696075,8,8,0,100.0,0.0
B0B298D54H,0.48025,8,7,0,87.5,0.0
B0B2C5MJN6,0.5970857142857142,7,6,0,85.71428571428571,0.0
B0B2CPVXHX,0.3607625,8,6,1,75.0,12.5
B0B2CWRDB1,0.53495,8,7,0,87.5,0.0
B0B2CZTCL2,0.17525000000000002,8,6,2,75.0,25.0
B0B2DD66GS,0.482625,8,7,1,87.5,12.5
B0B2DD8BQ8,0.24280000000000002,8,5,2,62.5,25.0
B0B2DJ5RVQ,0.548075,8,7,0,87.5,0.0
B0B2DJDCPX,0.5695,16,14,0,87.5,0.0
B0B2DZ5S6R,0.65065,8,7,1,87.5,12.5
B0B2PQL5N3,0.52425,8,8,0,100.0,0.0
B0B2RBP83P,0.5030375,8,7,0,87.5,0.0
B0B2X35B1K,0.37253749999999997,8,6,2,75.0,25.0
B0B31BYXQQ,0.56885,8,7,1,87.5,12.5
B0B31FR4Y2,0.3693125,8,6,2,75.0,25.0
B0B3CPQ5PF,0.353725,8,6,1,75.0,12.5
B0B3CQBRB4,0.353725,8,6,1,75.0,12.5
B0B3D39RKV,0.353725,8,6,1,75.0,12.5
B0B3DV7S9B,0.3811142857142857,7,5,2,71.42857142857143,28.57142857142857
B0B3G5XZN5,0.4228125,8,7,0,87.5,0.0
B0B3JSWG81,0.4767,1,1,0,100.0,0.0
B0B3MMYHYW,0.29307500000000003,8,6,1,75.0,12.5
B0B3MQXNFB,0.270425,8,5,1,62.5,12.5
B0B3MWYCHQ,0.6916,16,16,0,100.0,0.0
B0B3N7LR6K,0.6765399999999999,10,8,0,80.0,0.0
B0B3N8VG24,0.270425,8,5,1,62.5,12.5
B0B3NDPCS9,0.6765399999999999,5,4,0,80.0,0.0
B0B3RHX6B6,0.5107625,8,7,0,87.5,0.0
B0B3RRWSF6,0.170775,16,12,2,75.0,12.5
B0B3RS9DNF,0.170775,8,6,1,75.0,12.5
B0B3RSDSZ3,0.170775,8,6,1,75.0,12.5
B0B3TBY2YX,0.4818,8,7,1,87.5,12.5
B0B3X2BY3M,0.662125,8,7,0,87.5,0.0
B0B3XXSB1K,0.34409999999999996,8,5,3,62.5,37.5
B0B3XY5YT4,0.34409999999999996,8,5,3,62.5,37.5
B0B466C3G4,0.576825,8,8,0,100.0,0.0
B0B467CCB9,0.59295,6,6,0,100.0,0.0
B0B4DT8MKT,0.3510375,16,10,2,62.5,12.5
B0B4F1YC3J,-0.023462499999999997,8,3,3,37.5,37.5
B0B4F2TTTS,-0.023462499999999997,8,3,3,37.5,37.5
B0B4F2XCK3,-0.023462499999999997,8,3,3,37.5,37.5
B0B4F2ZWL3,-0.023462499999999997,8,3,3,37.5,37.5
B0B4F3QNDM,-0.023462499999999997,8,3,3,37.5,37.5
B0B4F4QZ1H,-0.023462499999999997,8,3,3,37.5,37.5
B0B4F52B5X,-0.023462499999999997,8,3,3,37.5,37.5
B0B4F5L738,-0.023462499999999997,8,3,3,37.5,37.5
B0B4G2MWSB,0.072825,8,4,2,50.0,25.0
B0B4HJNPV4,0.3892,16,12,2,75.0,12.5
B0B4HKH19N,0.3892,8,6,1,75.0,12.5
B0B4KPCBSH,-0.1201625,8,3,4,37.5,50.0
B0B4PPD89B,0.3159625,8,7,0,87.5,0.0
B0B4SJKRDF,0.6267999999999999,6,6,0,100.0,0.0
B0B4T6MR8N,0.3892,8,6,1,75.0,12.5
B0B4T8RSJ1,0.3892,8,6,1,75.0,12.5
B0B53DS4TF,0.8447125,8,8,0,100.0,0.0
B0B53NXFFR,-0.16926249999999998,8,3,5,37.5,62.5
B0B53QFZPY,-0.16926249999999998,8,3,5,37.5,62.5
B0B53QLB9H,-0.16926249999999998,8,3,5,37.5,62.5
B0B54Y2SNX,0.5459625,8,7,0,87.5,0.0
B0B56YRBNT,0.5363375,8,8,0,100.0,0.0
B0B59K1C8F,0.1384,8,5,3,62.5,37.5
B0B5B6PQCT,0.8162375,16,16,0,100.0,0.0
B0B5CGTBKV,0.8162375,8,8,0,100.0,0.0
B0B5D39BCD,0.8162375,8,8,0,100.0,0.0
B0B5DDJNH4,0.8162375,8,8,0,100.0,0.0
B0B5F3YZY4,0.489625,8,6,2,75.0,25.0
B0B5GF6DQD,0.39935,8,7,0,87.5,0.0
B0B5GJRTHB,0.4593625,8,8,0,100.0,0.0
B0B5KZ3C53,0.5535,8,7,0,87.5,0.0
B0B5LVS732,0.3910125,16,12,4,75.0,25.0
B0B5RP43VN,0.5883875,8,7,0,87.5,0.0
B0B5V47VK4,0.716275,4,4,0,100.0,0.0
B0B5YBGCKD,0.699075,8,8,0,100.0,0.0
B0B5ZF3NRK,0.5747625000000001,16,14,2,87.5,12.5
B0B61DSF17,0.6811857142857143,7,7,0,100.0,0.0
B0B61GCHC1,0.4672625,8,7,0,87.5,0.0
B0B61HYR92,0.57585,8,7,1,87.5,12.5
B0B65MJ45G,0.07375000000000001,8,4,3,50.0,37.5
B0B65P827P,0.07375000000000001,8,4,3,50.0,37.5
B0B694PXQJ,0.6826,8,7,0,87.5,0.0
B0B6BLTGTT,0.8127,8,8,0,100.0,0.0
B0B6F7LX4C,0.5118375000000001,8,6,2,75.0,25.0
B0B6F8HHR6,0.5118375000000001,8,6,2,75.0,25.0
B0B6F98KJJ,0.5118375000000001,8,6,2,75.0,25.0
B0B72BSW7K,0.4492875,8,6,1,75.0,12.5
B0B7B9V9QP,0.4741875,8,8,0,100.0,0.0
B0B7DHSKS7,-0.038224999999999995,8,4,4,50.0,50.0
B0B7FJNSZR,0.380675,8,7,1,87.5,12.5
B0B7L86YCB,-0.015171428571428582,7,3,3,42.857142857142854,42.857142857142854
B0B7NWGXS6,0.15713333333333332,3,2,1,66.66666666666666,33.33333333333333
B0B82YGCF6,0.221975,8,5,3,62.5,37.5
B0B84KSH3X,0.45148750000000004,8,7,1,87.5,12.5
B0B84QN4CN,0.5513714285714286,7,6,0,85.71428571428571,0.0
B0B86CDHL1,0.5998625,16,14,0,87.5,0.0
B0B8CB7MHW,0.5162625000000001,8,7,0,87.5,0.0
B0B8CHJLWJ,0.5230375,8,7,1,87.5,12.5
B0B8CXTTG3,0.5118375000000001,8,6,2,75.0,25.0
B0B8SRZ5SV,0.6689875000000001,8,8,0,100.0,0.0
B0B8SSC5D9,0.6689875000000001,8,8,0,100.0,0.0
B0B8SSZ76F,0.292025,8,5,3,62.5,37.5
B0B8VQ7KDS,0.4958,8,7,0,87.5,0.0
B0B8XNPQPN,0.256,8,4,3,50.0,37.5
B0B8ZKWGKD,0.2320125,8,4,3,50.0,37.5
B0B8ZM9RVV,0.652675,8,7,1,87.5,12.5
B0B8ZWNR5T,0.6116375000000001,8,8,0,100.0,0.0
B0B935YNR7,0.26215714285714287,7,5,2,71.42857142857143,28.57142857142857
B0B94JPY2N,0.899,1,1,0,100.0,0.0
B0B97D658R,0.182225,8,5,2,62.5,25.0
B0B9959XF3,0.539875,8,6,1,75.0,12.5
B0B997FBZT,0.539875,8,6,1,75.0,12.5
B0B9BD2YL4,0.7372625,16,14,0,87.5,0.0
B0B9BXKBC7,0.43696250000000003,16,12,2,75.0,12.5
B0B9F9PT8R,0.196675,8,4,2,50.0,25.0
B0B9JZW1SQ,-0.26293333333333335,6,1,5,16.666666666666664,83.33333333333334
B0B9LDCX89,0.5649625,8,7,0,87.5,0.0
B0B9RN5X8B,0.5679125,8,8,0,100.0,0.0
B0B9RZ4G4W,0.5968,8,7,1,87.5,12.5
B0B9XLX8VR,0.67455,4,4,0,100.0,0.0
B0B9XN9S3W,0.6356,8,8,0,100.0,0.0
B0BB3CBFBM,0.239625,8,6,2,75.0,25.0
B0BBFJ9M3X,0.417475,8,6,0,75.0,0.0
B0BBFJLP21,0.3838125,8,6,0,75.0,0.0
B0BBLHTRM9,0.09519999999999999,8,4,4,50.0,50.0
B0BBMGLQDW,0.656975,8,8,0,100.0,0.0
B0BBMPH39N,0.5516571428571428,7,6,1,85.71428571428571,14.285714285714285
B0BBN3WF7V,0.17188749999999997,8,4,2,50.0,25.0
B0BBN4DZBD,0.17188749999999997,8,4,2,50.0,25.0
B0BBN56J5H,0.17188749999999997,8,4,2,50.0,25.0
B0BBVKRP7B,0.15683750000000002,8,4,2,50.0,25.0
B0BBW521YC,0.33311250000000003,8,6,0,75.0,0.0
B0BBWJFK5C,0.4981625,8,8,0,100.0,0.0
B0BC8BQ432,0.67455,4,4,0,100.0,0.0
B0BC9BW512,0.4466375,8,7,0,87.5,0.0
B0BCKJJN8R,0.3921625,8,7,0,87.5,0.0
B0BCKWZ884,0.7137,8,8,0,100.0,0.0
B0BCVJ3PVP,0.6133500000000001,8,8,0,100.0,0.0
B0BCYQY9X5,0.5092,8,7,0,87.5,0.0
B0BCZCQTJX,0.44384999999999997,8,8,0,100.0,0.0
B0BD3T6Z1D,0.403725,8,6,0,75.0,0.0
B0BD92GDQH,0.1980125,8,6,2,75.0,25.0
B0BDG6QDYD,0.635875,8,7,0,87.5,0.0
B0BDRVFDKP,0.3582875,16,10,2,62.5,12.5
B0BDS8MY8J,0.4936875,8,7,0,87.5,0.0
B0BDYVC5TD,0.3582875,8,5,1,62.5,12.5
B0BDYW3RN3,0.3582875,8,5,1,62.5,12.5
B0BDZWMGZ1,0.3198875,8,5,1,62.5,12.5
B0BF4YBLPX,0.458675,8,7,1,87.5,12.5
B0BF54972T,0.458675,8,7,1,87.5,12.5
B0BF54LXW6,0.458675,8,7,1,87.5,12.5
B0BF563HB4,0.458675,8,7,1,87.5,12.5
B0BF57RN3K,0.458675,8,7,1,87.5,12.5
B0BFBNXS94,0.026900000000000014,5,2,2,40.0,40.0
B0BFWGBX61,0.6877125,16,16,0,100.0,0.0
B0BG62HMDJ,0.6603375,8,8,0,100.0,0.0
B0BGPN4GGH,0.4574666666666667,3,2,1,66.66666666666666,33.33333333333333
B0BGSV43WY,0.21334285714285714,7,4,2,57.14285714285714,28.57142857142857
B0BHNHMR3H,0.58825,8,7,0,87.5,0.0
B0BHVPTM2C,0.54455,8,8,0,100.0,0.0
B0BHYJ8CVF,0.405575,8,6,2,75.0,25.0
B0BHYLCL19,0.11927499999999999,8,4,4,50.0,50.0
B0BHZCNC4P,0.26303750000000004,8,4,1,50.0,12.5
B0BJ6P3LSK,0.223375,8,5,1,62.5,12.5
B0BJ966M5K,0.7461875,8,8,0,100.0,0.0
B0BJYSCWFQ,0.789625,8,8,0,100.0,0.0
B0BK1K598K,0.633775,8,8,0,100.0,0.0
B0BL11S5QK,0.68245,8,8,0,100.0,0.0
B0BL3R4RGS,0.3491,2,1,1,50.0,50.0
B0BLC2BYPX,0.6575,8,7,0,87.5,0.0
B0BLV1GNLN,0.6061428571428572,7,6,0,85.71428571428571,0.0
B0BM4KTNL1,0.09930000000000001,6,3,2,50.0,33.33333333333333
B0BM9H2NY9,0.680575,8,8,0,100.0,0.0
B0BMFD94VD,0.28036666666666665,6,3,0,50.0,0.0
B0BMGB2TPR,0.442675,8,6,0,75.0,0.0
B0BMGB3CH9,0.442675,8,6,0,75.0,0.0
B0BMGG6NKT,0.442675,8,6,0,75.0,0.0
B0BMM7R92G,0.7641375,8,8,0,100.0,0.0
B0BMTZ4T1D,0.7075400000000001,5,5,0,100.0,0.0
B0BMVWKZ8G,-0.007437499999999975,8,4,4,50.0,50.0
B0BMXMLSMM,0.79685,16,16,0,100.0,0.0
B0BMZ6SY89,0.558425,8,6,0,75.0,0.0
B0BN2576GQ,0.5657,2,2,0,100.0,0.0
B0BN6M3TCM,0.714,8,8,0,100.0,0.0
B0BNDD9TN6,0.5782333333333334,3,2,0,66.66666666666666,0.0
B0BNDGL26T,-0.040612499999999996,8,3,4,37.5,50.0
B0BNDRK886,0.39627500000000004,8,6,1,75.0,12.5
B0BNLFQDG2,0.34895,2,2,0,100.0,0.0
B0BNQMF152,0.4715875,8,6,2,75.0,25.0
B0BNV7JM5Y,0.4013875,8,6,2,75.0,25.0
B0BNVBJW2S,0.4013875,8,6,2,75.0,25.0
B0BNXFDTZ2,0.786375,8,8,0,100.0,0.0
B0BP18W8TM,0.6482875,8,8,0,100.0,0.0
B0BP7XLX48,0.780775,4,4,0,100.0,0.0
B0BP89YBC1,0.5812857142857143,7,7,0,100.0,0.0
B0BPBG712X,0.7528125,8,8,0,100.0,0.0
B0BPBXNQQT,0.7059875,8,8,0,100.0,0.0
B0BPCJM7TB,0.47633749999999997,8,6,2,75.0,25.0
B0BPJBTB3F,0.20045000000000002,2,1,1,50.0,50.0
B0BQ3K23Y1,0.7140625,8,7,0,87.5,0.0
B0BQRJ3C47,0.6249,1,1,0,100.0,0.0
B0BR4F878Q,0.7253333333333334,3,3,0,100.0,0.0
